{
    "kitti": {
        "mean_angles": [1.7061e-5, 9.5582e-4, -5.5258e-5],
        "std_angles": [2.8256e-3, 1.7771e-2, 3.2326e-3],
        "mean_t": [-8.6736e-5, -1.6038e-2, 9.0033e-1],
        "std_t": [2.5584e-2, 1.8545e-2, 3.0352e-1],
        "mean_rgb": [0.34721234, 0.36705238, 0.36066107],
        "std_rgb": [0.30737526, 0.31515116, 0.32020183]
    }
}