{
    "kitti": {
        "mean_angles": [-7.4784e-05, 7.6232e-4, 2.3791e-05],
        "std_angles": [3.2039e-3, 1.8286e-2, 2.82436e-3],
        "mean_t": [-1.2360e-4, -1.7259e-2, 9.2195e-1],
        "std_t": [2.6389e-2, 1.8768e-2, 2.9764e-1],
        "mean_rgb": [0.3502815,  0.36698646, 0.35645297],
        "std_rgb": [0.31755008, 0.31923078, 0.3199614 ]
    }
}